num, from_date, days_in_period, interest_expected, principle_remaining, principle_expected, total_expected
1, 2019-12-16, 31, 2516.6666666667, 753531.498522419, 1468.50147758098, 3985.16814424768
2, 2020-01-16, 31, 2511.7716617414, 752058.102039912, 1473.39648250700, 3985.16814424840
3, 2020-02-16, 29, 2506.8603401330, 750579.794235796, 1478.30780411605, 3985.16814424905
4, 2020-03-16, 31, 2501.9326474527, 749096.558739001, 1483.23549679492, 3985.16814424762
5, 2020-04-16, 30, 2496.9885291300, 747608.379123883, 1488.17961511808, 3985.16814424808
6, 2020-05-16, 31, 2492.0279304129, 746115.238910047, 1493.14021383598, 3985.16814424888
7, 2020-06-16, 30, 2487.0507963668, 744617.121562166, 1498.11734788097, 3985.16814424776
8, 2020-07-16, 31, 2482.0570718739, 743114.010489792, 1503.11107237404, 3985.16814424794
9, 2020-08-16, 31, 2477.0467016326, 741605.889047176, 1508.12144261599, 3985.16814424859
10, 2020-09-16, 30, 2472.0196301572, 740092.740533085, 1513.14851409104, 3985.16814424824
11, 2020-10-16, 31, 2466.9758017770, 738574.548190614, 1518.19234247098, 3985.16814424798
12, 2020-11-16, 30, 2461.9151606354, 737051.295207001, 1523.25298361294, 3985.16814424834
13, 2020-12-16, 31, 2456.8376506900, 735522.964713443, 1528.33049355808, 3985.16814424808
14, 2021-01-16, 31, 2451.7432157115, 733989.539784906, 1533.42492853699, 3985.16814424849
15, 2021-02-16, 28, 2446.6317992830, 732451.003439941, 1538.53634496499, 3985.16814424799
16, 2021-03-16, 31, 2441.5033447998, 730907.338640493, 1543.66479944799, 3985.16814424779
17, 2021-04-16, 30, 2436.3577954683, 729358.528291713, 1548.81034878001, 3985.16814424831
18, 2021-05-16, 31, 2431.1950943057, 727804.555241770, 1553.97304994299, 3985.16814424869
19, 2021-06-16, 30, 2426.0151841392, 726245.402281661, 1559.15296010894, 3985.16814424814
20, 2021-07-16, 31, 2420.8180076055, 724681.052145019, 1564.35013664200, 3985.16814424749
21, 2021-08-16, 31, 2415.6035071501, 723111.487507919, 1569.56463710009, 3985.16814425019
22, 2021-09-16, 30, 2410.3716250264, 721536.690988697, 1574.79651922197, 3985.16814424837
23, 2021-10-16, 31, 2405.1223032957, 719956.645147746, 1580.04584095103, 3985.16814424673
24, 2021-11-16, 30, 2399.8554838258, 718371.332487324, 1585.31266042194, 3985.16814424774
25, 2021-12-16, 31, 2394.5711082911, 716780.735451367, 1590.59703595703, 3985.16814424813
26, 2022-01-16, 31, 2389.2691181712, 715184.836425290, 1595.89902607701, 3985.16814424821
27, 2022-02-16, 28, 2383.9494547510, 713583.617735791, 1601.21868949896, 3985.16814424996
28, 2022-03-16, 31, 2378.6120591193, 711977.061650664, 1606.55608512706, 3985.16814424636
29, 2022-04-16, 30, 2373.2568721689, 710365.150378584, 1611.91127207992, 3985.16814424882
30, 2022-05-16, 31, 2367.8838345953, 708747.866068931, 1617.28430965310, 3985.16814424840
31, 2022-06-16, 30, 2362.4928868964, 707125.190811580, 1622.67525735090, 3985.16814424730
32, 2022-07-16, 31, 2357.0839693719, 705497.106636703, 1628.08417487703, 3985.16814424893
33, 2022-08-16, 31, 2351.6570221223, 703863.595514577, 1633.51112212602, 3985.16814424832
34, 2022-09-16, 30, 2346.2119850486, 702224.639355378, 1638.95615919901, 3985.16814424761
35, 2022-10-16, 31, 2340.7487978513, 700580.220008981, 1644.41934639704, 3985.16814424835
36, 2022-11-16, 30, 2335.2674000299, 698930.319264762, 1649.90074421896, 3985.16814424886
37, 2022-12-16, 31, 2329.7677308825, 697274.918851397, 1655.40041336499, 3985.16814424749
38, 2023-01-16, 31, 2324.2497295047, 695614.000436653, 1660.91841474397, 3985.16814424867
39, 2023-02-16, 28, 2318.7133347888, 693947.545627194, 1666.45480945904, 3985.16814424784
40, 2023-03-16, 31, 2313.1584854240, 692275.535968370, 1672.00965882395, 3985.16814424795
41, 2023-04-16, 30, 2307.5851198946, 690597.952944016, 1677.58302435407, 3985.16814424867
42, 2023-05-16, 31, 2301.9931764800, 688914.777976248, 1683.17496776802, 3985.16814424802
43, 2023-06-16, 30, 2296.3825932542, 687225.992425254, 1688.78555099398, 3985.16814424818
44, 2023-07-16, 31, 2290.7533080842, 685531.577589090, 1694.41483616398, 3985.16814424818
45, 2023-08-16, 31, 2285.1052586303, 683831.514703472, 1700.06288561795, 3985.16814424825
46, 2023-09-16, 30, 2279.4383823449, 682125.784941569, 1705.72976190306, 3985.16814424796
47, 2023-10-16, 31, 2273.7526164719, 680414.369413792, 1711.41552777693, 3985.16814424883
48, 2023-11-16, 30, 2268.0478980460, 678697.249167590, 1717.12024620199, 3985.16814424799
49, 2023-12-16, 31, 2262.3241638920, 676974.405187234, 1722.84398035600, 3985.16814424800
50, 2024-01-16, 31, 2256.5813506241, 675245.818393610, 1728.58679362410, 3985.16814424820
51, 2024-02-16, 29, 2250.8193946454, 673511.469644007, 1734.34874960291, 3985.16814424831
52, 2024-03-16, 31, 2245.0382321467, 671771.339731906, 1740.12991210108, 3985.16814424778
53, 2024-04-16, 30, 2239.2377991064, 670025.409386764, 1745.93034514191, 3985.16814424831
54, 2024-05-16, 31, 2233.4180312892, 668273.659273805, 1751.75011295907, 3985.16814424827
55, 2024-06-16, 30, 2227.5788642460, 666516.069993803, 1757.58928000194, 3985.16814424793
56, 2024-07-16, 31, 2221.7202333127, 664752.622082867, 1763.44791093608, 3985.16814424878
57, 2024-08-16, 31, 2215.8420736096, 662983.296012227, 1769.32607064000, 3985.16814424960
58, 2024-09-16, 30, 2209.9443200408, 661208.072188021, 1775.22382420592, 3985.16814424672
59, 2024-10-16, 31, 2204.0269072934, 659426.930951066, 1781.14123695507, 3985.16814424847
60, 2024-11-16, 30, 2198.0897698369, 657639.852576655, 1787.07837441098, 3985.16814424788
61, 2024-12-16, 31, 2192.1328419222, 655846.817274329, 1793.03530232597, 3985.16814424817
62, 2025-01-16, 31, 2186.1560575811, 654047.805187662, 1799.01208666700, 3985.16814424811
63, 2025-02-16, 28, 2180.1593506255, 652242.796394039, 1805.00879362307, 3985.16814424857
64, 2025-03-16, 31, 2174.1426546468, 650431.770904437, 1811.02548960189, 3985.16814424869
65, 2025-04-16, 30, 2168.1059030148, 648614.708663204, 1817.06224123307, 3985.16814424787
66, 2025-05-16, 31, 2162.0490288774, 646791.589547833, 1823.11911537102, 3985.16814424843
67, 2025-06-16, 30, 2155.9719651594, 644962.393368745, 1829.19617908797, 3985.16814424737
68, 2025-07-16, 31, 2149.8746445625, 643127.099869059, 1835.29349968594, 3985.16814424844
69, 2025-08-16, 31, 2143.7569995635, 641285.688724374, 1841.41114468500, 3985.16814424850
70, 2025-09-16, 30, 2137.6189624146, 639438.139542541, 1847.54918183305, 3985.16814424765
71, 2025-10-16, 31, 2131.4604651418, 637584.431863434, 1853.70767910697, 3985.16814424877
72, 2025-11-16, 30, 2125.2814395448, 635724.545158731, 1859.88670470298, 3985.16814424778
73, 2025-12-16, 31, 2119.0818171958, 633858.458831678, 1866.08632705302, 3985.16814424883
74, 2026-01-16, 31, 2112.8615294389, 631986.152216869, 1872.30661480897, 3985.16814424787
75, 2026-02-16, 28, 2106.6205073896, 630107.604580010, 1878.54763685900, 3985.16814424860
76, 2026-03-16, 31, 2100.3586819334, 628222.795117696, 1884.80946231401, 3985.16814424741
77, 2026-04-16, 30, 2094.0759837256, 626331.702957173, 1891.09216052305, 3985.16814424866
78, 2026-05-16, 31, 2087.7723431906, 624434.307156115, 1897.39580105804, 3985.16814424864
79, 2026-06-16, 30, 2081.4476905204, 622530.586702388, 1903.72045372694, 3985.16814424734
80, 2026-07-16, 31, 2075.1019556746, 620620.520513814, 1910.06618857407, 3985.16814424867
81, 2026-08-16, 31, 2068.7350683794, 618704.087437945, 1916.43307586899, 3985.16814424839
82, 2026-09-16, 30, 2062.3469581265, 616781.266251824, 1922.82118612097, 3985.16814424747
83, 2026-10-16, 31, 2055.9375541727, 614852.035661748, 1929.23059007595, 3985.16814424865
84, 2026-11-16, 30, 2049.5067855392, 612916.374303039, 1935.66135870898, 3985.16814424818
85, 2026-12-16, 31, 2043.0545810101, 610974.260739801, 1942.11356323806, 3985.16814424816
86, 2027-01-16, 31, 2036.5808691327, 609025.673464686, 1948.58727511496, 3985.16814424766
87, 2027-02-16, 28, 2030.0855782156, 607070.590898653, 1955.08256603300, 3985.16814424860
88, 2027-03-16, 31, 2023.5686363288, 605108.991390734, 1961.59950791905, 3985.16814424785
89, 2027-04-16, 30, 2017.0299713024, 603140.853217788, 1968.13817294594, 3985.16814424834
90, 2027-05-16, 31, 2010.4695107260, 601166.154584266, 1974.69863352203, 3985.16814424803
91, 2027-06-16, 30, 2003.8871819476, 599184.873621965, 1981.28096230107, 3985.16814424867
92, 2027-07-16, 31, 1997.2829120732, 597196.988389790, 1987.88523217489, 3985.16814424809
93, 2027-08-16, 31, 1990.6566279660, 595202.476873508, 1994.51151628210, 3985.16814424810
94, 2027-09-16, 30, 1984.0082562450, 593201.316985504, 2001.15988800395, 3985.16814424895
95, 2027-10-16, 31, 1977.3377232850, 591193.486564541, 2007.83042096300, 3985.16814424800
96, 2027-11-16, 30, 1970.6449552151, 589178.963375508, 2014.52318903303, 3985.16814424813
97, 2027-12-16, 31, 1963.9298779184, 587157.725109178, 2021.23826632998, 3985.16814424838
98, 2028-01-16, 31, 1957.1924170306, 585129.749381960, 2027.97572721797, 3985.16814424857
99, 2028-02-16, 29, 1950.4324979399, 583095.013735652, 2034.73564630805, 3985.16814424795
100, 2028-03-16, 31, 1943.6500457855, 581053.495637189, 2041.51809846296, 3985.16814424846
101, 2028-04-16, 30, 1936.8449854573, 579005.172478399, 2048.32315879001, 3985.16814424731
102, 2028-05-16, 31, 1930.0172415947, 576950.021575745, 2055.15090265404, 3985.16814424874
103, 2028-06-16, 30, 1923.1667385858, 574888.020170083, 2062.00140566193, 3985.16814424773
104, 2028-07-16, 31, 1916.2934005669, 572819.145426401, 2068.87474368198, 3985.16814424888
105, 2028-08-16, 31, 1909.3971514213, 570743.374433574, 2075.77099282702, 3985.16814424832
106, 2028-09-16, 30, 1902.4779147786, 568660.684204105, 2082.69022946898, 3985.16814424758
107, 2028-10-16, 31, 1895.5356140137, 566571.051673870, 2089.63253023510, 3985.16814424880
108, 2028-11-16, 30, 1888.5701722462, 564474.453701868, 2096.59797200200, 3985.16814424820
109, 2028-12-16, 31, 1881.5815123396, 562370.867069960, 2103.58663190797, 3985.16814424757
110, 2029-01-16, 31, 1874.5695568998, 560260.268482611, 2110.59858734894, 3985.16814424874
111, 2029-02-16, 28, 1867.5342282754, 558142.634566638, 2117.63391597301, 3985.16814424841
112, 2029-03-16, 31, 1860.4754485555, 556017.941870945, 2124.69269569300, 3985.16814424850
113, 2029-04-16, 30, 1853.3931395698, 553886.166866267, 2131.77500467806, 3985.16814424786
114, 2029-05-16, 31, 1846.2872228876, 551747.285944906, 2138.88092136104, 3985.16814424864
115, 2029-06-16, 30, 1839.1576198164, 549601.275420473, 2146.01052443299, 3985.16814424939
116, 2029-07-16, 31, 1832.0042514016, 547448.111527628, 2153.16389284492, 3985.16814424653
117, 2029-08-16, 31, 1824.8270384254, 545287.770421805, 2160.34110582306, 3985.16814424846
118, 2029-09-16, 30, 1817.6259014060, 543120.228178963, 2167.54224284203, 3985.16814424803
119, 2029-10-16, 31, 1810.4007605965, 540945.460795311, 2174.76738365192, 3985.16814424842
120, 2029-11-16, 30, 1803.1515359844, 538763.444187048, 2182.01660826302, 3985.16814424742
121, 2029-12-16, 31, 1795.8781472902, 536574.154190089, 2189.28999695904, 3985.16814424924
122, 2030-01-16, 31, 1788.5805139670, 534377.566559808, 2196.58763028099, 3985.16814424799
123, 2030-02-16, 28, 1781.2585551994, 532173.656970759, 2203.90958904894, 3985.16814424834
124, 2030-03-16, 31, 1773.9121899025, 529962.401016414, 2211.25595434499, 3985.16814424749
125, 2030-04-16, 30, 1766.5413367214, 527743.774208887, 2218.62680752703, 3985.16814424844
126, 2030-05-16, 31, 1759.1459140296, 525517.751978668, 2226.02223021898, 3985.16814424858
127, 2030-06-16, 30, 1751.7258399289, 523284.309674349, 2233.44230431906, 3985.16814424796
128, 2030-07-16, 31, 1744.2810322478, 521043.422562348, 2240.88711200096, 3985.16814424876
129, 2030-08-16, 31, 1736.8114085412, 518795.065826641, 2248.35673570703, 3985.16814424823
130, 2030-09-16, 30, 1729.3168860888, 516539.214568482, 2255.85125815897, 3985.16814424777
131, 2030-10-16, 31, 1721.7973818949, 514275.843806129, 2263.37076235301, 3985.16814424791
132, 2030-11-16, 30, 1714.2528126871, 512004.928474568, 2270.91533156100, 3985.16814424810
133, 2030-12-16, 31, 1706.6830949152, 509726.443425235, 2278.48504933302, 3985.16814424822
134, 2031-01-16, 31, 1699.0881447508, 507440.363425737, 2286.07999949798, 3985.16814424878
135, 2031-02-16, 28, 1691.4678780858, 505146.663159573, 2293.70026616403, 3985.16814424983
136, 2031-03-16, 31, 1683.8222105319, 502845.317225858, 2301.34593371500, 3985.16814424690
137, 2031-04-16, 30, 1676.1510574195, 500536.300139030, 2309.01708682801, 3985.16814424751
138, 2031-05-16, 31, 1668.4543337968, 498219.586328578, 2316.71381045197, 3985.16814424877
139, 2031-06-16, 30, 1660.7319544286, 495895.150138759, 2324.43618981901, 3985.16814424761
140, 2031-07-16, 31, 1652.9838337959, 493562.965828306, 2332.18431045301, 3985.16814424891
141, 2031-08-16, 31, 1645.2098860944, 491223.007570151, 2339.95825815498, 3985.16814424938
142, 2031-09-16, 30, 1637.4100252338, 488875.249451138, 2347.75811901299, 3985.16814424679
143, 2031-10-16, 31, 1629.5841648371, 486519.665471727, 2355.58397941099, 3985.16814424809
144, 2031-11-16, 30, 1621.7322182391, 484156.229545718, 2363.43592600903, 3985.16814424813
145, 2031-12-16, 31, 1613.8540984857, 481784.915499955, 2371.31404576299, 3985.16814424869
146, 2032-01-16, 31, 1605.9497183332, 479405.697074040, 2379.21842591499, 3985.16814424819
147, 2032-02-16, 29, 1598.0189902468, 477018.547920039, 2387.14915400103, 3985.16814424783
148, 2032-03-16, 31, 1590.0618264001, 474623.441602191, 2395.10631784797, 3985.16814424807
149, 2032-04-16, 30, 1582.0781386740, 472220.351596617, 2403.09000557399, 3985.16814424799
150, 2032-05-16, 31, 1574.0678386554, 469809.251291024, 2411.10030559305, 3985.16814424845
151, 2032-06-16, 30, 1566.0308376368, 467390.113984411, 2419.13730661297, 3985.16814424977
152, 2032-07-16, 31, 1557.9670466147, 464962.912886779, 2427.20109763200, 3985.16814424670
153, 2032-08-16, 31, 1549.8763762893, 462527.621118820, 2435.29176795902, 3985.16814424832
154, 2032-09-16, 30, 1541.7587370627, 460084.211711635, 2443.40940718498, 3985.16814424768
155, 2032-10-16, 31, 1533.6140390388, 457632.657606425, 2451.55410521000, 3985.16814424880
156, 2032-11-16, 30, 1525.4421920214, 455172.931654198, 2459.72595222702, 3985.16814424842
157, 2032-12-16, 31, 1517.2431055140, 452705.006615464, 2467.92503873399, 3985.16814424799
158, 2033-01-16, 31, 1509.0166887182, 450228.855159934, 2476.15145552997, 3985.16814424817
159, 2033-02-16, 28, 1500.7628505331, 447744.449866219, 2484.40529371501, 3985.16814424811
160, 2033-03-16, 31, 1492.4814995540, 445251.763221525, 2492.68664469401, 3985.16814424801
161, 2033-04-16, 30, 1484.1725440718, 442750.767621347, 2500.99560017802, 3985.16814424982
162, 2033-05-16, 31, 1475.8358920712, 440241.435369171, 2509.33225217595, 3985.16814424715
163, 2033-06-16, 30, 1467.4714512306, 437723.738676154, 2517.69669301703, 3985.16814424763
164, 2033-07-16, 31, 1459.0791289205, 435197.649660826, 2526.08901532798, 3985.16814424848
165, 2033-08-16, 31, 1450.6588322028, 432663.140348781, 2534.50931204500, 3985.16814424780
166, 2033-09-16, 30, 1442.2104678293, 430120.182672362, 2542.95767641900, 3985.16814424830
167, 2033-10-16, 31, 1433.7339422412, 427568.748470355, 2551.43420200702, 3985.16814424822
168, 2033-11-16, 30, 1425.2291615678, 425008.809487674, 2559.93898268102, 3985.16814424882
169, 2033-12-16, 31, 1416.6960316256, 422440.337375052, 2568.47211262200, 3985.16814424760
170, 2034-01-16, 31, 1408.1344579168, 419863.303688720, 2577.03368633200, 3985.16814424880
171, 2034-02-16, 28, 1399.5443456291, 417277.679890101, 2585.62379861897, 3985.16814424807
172, 2034-03-16, 31, 1390.9255996337, 414683.437345487, 2594.24254461401, 3985.16814424771
173, 2034-04-16, 30, 1382.2781244850, 412080.547325723, 2602.89001976402, 3985.16814424902
174, 2034-05-16, 31, 1373.6018244191, 409468.981005894, 2611.56631982897, 3985.16814424807
175, 2034-06-16, 30, 1364.8966033530, 406848.709464999, 2620.27154089505, 3985.16814424805
176, 2034-07-16, 31, 1356.1623648833, 404219.703685634, 2629.00577936496, 3985.16814424826
177, 2034-08-16, 31, 1347.3990122854, 401581.934553671, 2637.76913196302, 3985.16814424842
178, 2034-09-16, 30, 1338.6064485122, 398935.372857935, 2646.56169573596, 3985.16814424816
179, 2034-10-16, 31, 1329.7845761931, 396279.989289880, 2655.38356805505, 3985.16814424815
180, 2034-11-16, 30, 1320.9332976329, 393615.754443265, 2664.23484661500, 3985.16814424790
181, 2034-12-16, 31, 1312.0525148109, 390942.638813828, 2673.11562943697, 3985.16814424787
182, 2035-01-16, 31, 1303.1421293794, 388260.612798959, 2682.02601486898, 3985.16814424838
183, 2035-02-16, 28, 1294.2020426632, 385569.646697374, 2690.96610158501, 3985.16814424821
184, 2035-03-16, 31, 1285.2321556579, 382869.710708783, 2699.93598859099, 3985.16814424890
185, 2035-04-16, 30, 1276.2323690293, 380160.774933563, 2708.93577521999, 3985.16814424929
186, 2035-05-16, 31, 1267.2025831119, 377442.809372428, 2717.96556113503, 3985.16814424693
187, 2035-06-16, 30, 1258.1426979081, 374715.783926088, 2727.02544633998, 3985.16814424808
188, 2035-07-16, 31, 1249.0526130870, 371979.668394927, 2736.11553116102, 3985.16814424802
189, 2035-08-16, 31, 1239.9322279831, 369234.432478662, 2745.23591626500, 3985.16814424809
190, 2035-09-16, 30, 1230.7814415955, 366480.045776009, 2754.38670265302, 3985.16814424852
191, 2035-10-16, 31, 1221.6001525867, 363716.477784348, 2763.56799166097, 3985.16814424767
192, 2035-11-16, 30, 1212.3882592812, 360943.697899379, 2772.77988496900, 3985.16814425020
193, 2035-12-16, 31, 1203.1456596646, 358161.675414797, 2782.02248458203, 3985.16814424663
194, 2036-01-16, 31, 1193.8722513827, 355370.379521931, 2791.29589286598, 3985.16814424868
195, 2036-02-16, 29, 1184.5679317398, 352569.779309423, 2800.60021250800, 3985.16814424780
196, 2036-03-16, 31, 1175.2325976981, 349759.843762871, 2809.93554655201, 3985.16814425010
197, 2036-04-16, 30, 1165.8661458762, 346940.541764501, 2819.30199836998, 3985.16814424618
198, 2036-05-16, 31, 1156.4684725483, 344111.842092801, 2828.69967170001, 3985.16814424832
199, 2036-06-16, 30, 1147.0394736427, 341273.713422195, 2838.12867060601, 3985.16814424871
200, 2036-07-16, 31, 1137.5790447406, 338426.124322688, 2847.58909950702, 3985.16814424762
201, 2036-08-16, 31, 1128.0870810756, 335569.043259515, 2857.08106317295, 3985.16814424856
202, 2036-09-16, 30, 1118.5634775317, 332702.438592797, 2866.60466671799, 3985.16814424969
203, 2036-10-16, 31, 1109.0081286427, 329826.278577193, 2876.16001560405, 3985.16814424675
204, 2036-11-16, 30, 1099.4209285906, 326940.531361536, 2885.74721565697, 3985.16814424757
205, 2036-12-16, 31, 1089.8017712051, 324045.164988492, 2895.36637304403, 3985.16814424913
206, 2037-01-16, 31, 1080.1505499616, 321140.147394206, 2905.01759428595, 3985.16814424755
207, 2037-02-16, 28, 1070.4671579807, 318225.446407938, 2914.70098626800, 3985.16814424870
208, 2037-03-16, 31, 1060.7514880265, 315301.029751716, 2924.41665622202, 3985.16814424852
209, 2037-04-16, 30, 1051.0034325057, 312366.865039974, 2934.16471174202, 3985.16814424772
210, 2037-05-16, 31, 1041.2228834666, 309422.919779192, 2943.94526078197, 3985.16814424857
211, 2037-06-16, 30, 1031.4097325973, 306469.161367541, 2953.75841165101, 3985.16814424831
212, 2037-07-16, 31, 1021.5638712251, 303505.557094518, 2963.60427302303, 3985.16814424813
213, 2037-08-16, 31, 1011.6851903151, 300532.074140585, 2973.48295393295, 3985.16814424805
214, 2037-09-16, 30, 1001.7735804686, 297548.679576805, 2983.39456378005, 3985.16814424865
215, 2037-10-16, 31, 991.8289319227, 294555.340364480, 2993.33921232499, 3985.16814424769
216, 2037-11-16, 30, 981.8511345483, 291552.023354780, 3003.31700970000, 3985.16814424829
217, 2037-12-16, 31, 971.8400778493, 288538.695288381, 3013.32806639897, 3985.16814424827
218, 2038-01-16, 31, 961.7956509613, 285515.322795094, 3023.37249328702, 3985.16814424832
219, 2038-02-16, 28, 951.7177426503, 282481.872393496, 3033.45040159801, 3985.16814424830
220, 2038-03-16, 31, 941.6062413117, 279438.310490560, 3043.56190293597, 3985.16814424767
221, 2038-04-16, 30, 931.4610349685, 276384.603381280, 3053.70710928005, 3985.16814424855
222, 2038-05-16, 31, 921.2820112709, 273320.717248302, 3063.88613297796, 3985.16814424886
223, 2038-06-16, 30, 911.0690574943, 270246.618161549, 3074.09908675303, 3985.16814424733
224, 2038-07-16, 31, 900.8220605385, 267162.272077839, 3084.34608370997, 3985.16814424847
225, 2038-08-16, 31, 890.5409069261, 264067.644840517, 3094.62723732198, 3985.16814424808
226, 2038-09-16, 30, 880.2254828017, 260962.702179071, 3104.94266144602, 3985.16814424773
227, 2038-10-16, 31, 869.8756739302, 257847.409708753, 3115.29247031800, 3985.16814424820
228, 2038-11-16, 30, 859.4913656958, 254721.732930200, 3125.67677855300, 3985.16814424880
229, 2038-12-16, 31, 849.0724431007, 251585.637229053, 3136.09570114699, 3985.16814424768
230, 2039-01-16, 31, 838.6187907635, 248439.087875568, 3146.54935348502, 3985.16814424853
231, 2039-02-16, 28, 828.1302929186, 245282.050024238, 3157.03785132998, 3985.16814424858
232, 2039-03-16, 31, 817.6068334141, 242114.488713404, 3167.56131083402, 3985.16814424812
233, 2039-04-16, 30, 807.0482957113, 238936.368864867, 3178.11984853700, 3985.16814424829
234, 2039-05-16, 31, 796.4545628829, 235747.655283502, 3188.71358136498, 3985.16814424788
235, 2039-06-16, 30, 785.8255176117, 232548.312656866, 3199.34262663600, 3985.16814424771
236, 2039-07-16, 31, 775.1610421896, 229338.305554807, 3210.00710205900, 3985.16814424859
237, 2039-08-16, 31, 764.4610185160, 226117.598429075, 3220.70712573201, 3985.16814424800
238, 2039-09-16, 30, 753.7253280969, 222886.155612924, 3231.44281615101, 3985.16814424792
239, 2039-10-16, 31, 742.9538520431, 219643.941320717, 3242.21429220701, 3985.16814425011
240, 2039-11-16, 30, 732.1464710691, 216390.919647540, 3253.02167317699, 3985.16814424609
241, 2039-12-16, 31, 721.3030654918, 213127.054568783, 3263.86507875699, 3985.16814424879
242, 2040-01-16, 31, 710.4235152293, 209852.309939764, 3274.74462901900, 3985.16814424829
243, 2040-02-16, 29, 699.5076997992, 206566.649495315, 3285.66044444899, 3985.16814424819
244, 2040-03-16, 31, 688.5554983177, 203270.036849384, 3296.61264593102, 3985.16814424872
245, 2040-04-16, 30, 677.5667894979, 199962.435494634, 3307.60135474999, 3985.16814424789
246, 2040-05-16, 31, 666.5414516488, 196643.808802035, 3318.62669259901, 3985.16814424781
247, 2040-06-16, 30, 655.4793626734, 193314.120020460, 3329.68878157501, 3985.16814424841
248, 2040-07-16, 31, 644.3804000682, 189973.332276281, 3340.78774417899, 3985.16814424719
249, 2040-08-16, 31, 633.2444409209, 186621.408572953, 3351.92370332801, 3985.16814424891
250, 2040-09-16, 30, 622.0713619098, 183258.311790615, 3363.09678233799, 3985.16814424779
251, 2040-10-16, 31, 610.8610393021, 179884.004685669, 3374.30710494600, 3985.16814424810
252, 2040-11-16, 30, 599.6133489522, 176498.449890373, 3385.55479529599, 3985.16814424819
253, 2040-12-16, 31, 588.3281663012, 173101.609912426, 3396.83997794701, 3985.16814424821
254, 2041-01-16, 31, 577.0053663748, 169693.447134553, 3408.16277787302, 3985.16814424781
255, 2041-02-16, 28, 565.6448237818, 166273.923814087, 3419.52332046599, 3985.16814424779
256, 2041-03-16, 31, 554.2464127136, 162843.002082552, 3430.92173153500, 3985.16814424859
257, 2041-04-16, 30, 542.8100069418, 159400.643945246, 3442.35813730600, 3985.16814424780
258, 2041-05-16, 31, 531.3354798175, 155946.811280815, 3453.83266443101, 3985.16814424851
259, 2041-06-16, 30, 519.8227042694, 152481.465840836, 3465.34543997899, 3985.16814424839
260, 2041-07-16, 31, 508.2715528028, 149004.569249391, 3476.89659144499, 3985.16814424779
261, 2041-08-16, 31, 496.6818974980, 145516.083002640, 3488.48624675101, 3985.16814424901
262, 2041-09-16, 30, 485.0536100088, 142015.968468401, 3500.11453423899, 3985.16814424779
263, 2041-10-16, 31, 473.3865615613, 138504.186885714, 3511.78158268699, 3985.16814424829
264, 2041-11-16, 30, 461.6806229524, 134980.699364418, 3523.48752129602, 3985.16814424842
265, 2041-12-16, 31, 449.9356645481, 131445.466884718, 3535.23247970000, 3985.16814424810
266, 2042-01-16, 31, 438.1515562824, 127898.450296752, 3547.01658796599, 3985.16814424839
267, 2042-02-16, 28, 426.3281676558, 124339.610320160, 3558.83997659199, 3985.16814424779
268, 2042-03-16, 31, 414.4653677339, 120768.907543646, 3570.70277651401, 3985.16814424791
269, 2042-04-16, 30, 402.5630251455, 117186.302424543, 3582.60511910300, 3985.16814424850
270, 2042-05-16, 31, 390.6210080818, 113591.755288375, 3594.54713616800, 3985.16814424979
271, 2042-06-16, 30, 378.6391842946, 109985.226328423, 3606.52895995200, 3985.16814424660
272, 2042-07-16, 31, 366.6174210947, 106366.675605270, 3618.55072315301, 3985.16814424771
273, 2042-08-16, 31, 354.5555853509, 102736.063046372, 3630.61255889799, 3985.16814424889
274, 2042-09-16, 30, 342.4535434879, 99093.3484456118, 3642.71460076020, 3985.16814424810
275, 2042-10-16, 31, 330.3111614854, 95438.4914628487, 3654.85698276310, 3985.16814424850
276, 2042-11-16, 30, 318.1283048762, 91771.4516234766, 3667.03983937210, 3985.16814424830
277, 2042-12-16, 31, 305.9048387449, 88092.1883179729, 3679.26330550370, 3985.16814424860
278, 2043-01-16, 31, 293.6406277266, 84400.6608014514, 3691.52751652150, 3985.16814424810
279, 2043-02-16, 28, 281.3355360048, 80696.8281932080, 3703.83260824341, 3985.16814424821
280, 2043-03-16, 31, 268.9894273107, 76980.6494762704, 3716.17871693760, 3985.16814424830
281, 2043-04-16, 30, 256.6021649209, 73252.0834969431, 3728.56597932729, 3985.16814424819
282, 2043-05-16, 31, 244.1736116565, 69511.0889643510, 3740.99453259210, 3985.16814424860
283, 2043-06-16, 30, 231.7036298812, 65757.6244499842, 3753.46451436680, 3985.16814424800
284, 2043-07-16, 31, 219.1920814999, 61991.6483872361, 3765.97606274810, 3985.16814424800
285, 2043-08-16, 31, 206.6388279575, 58213.1190709451, 3778.52931629100, 3985.16814424850
286, 2043-09-16, 30, 194.0437302365, 54421.9946569332, 3791.12441401189, 3985.16814424840
287, 2043-10-16, 31, 181.4066488564, 50618.2331615412, 3803.76149539201, 3985.16814424841
288, 2043-11-16, 30, 168.7274438718, 46801.7924611648, 3816.44070037640, 3985.16814424820
289, 2043-12-16, 31, 156.0059748706, 42972.6302917872, 3829.16216937760, 3985.16814424820
290, 2044-01-16, 31, 143.2421009726, 39130.7042485112, 3841.92604327600, 3985.16814424860
291, 2044-02-16, 29, 130.4356808284, 35275.9717850916, 3854.73246341960, 3985.16814424800
292, 2044-03-16, 31, 117.5865726170, 31408.3902134602, 3867.58157163140, 3985.16814424840
293, 2044-04-16, 30, 104.6946340449, 27527.9167032568, 3880.47351020340, 3985.16814424830
294, 2044-05-16, 31, 91.7597223442, 23634.5082813525, 3893.40842190430, 3985.16814424850
295, 2044-06-16, 30, 78.7816942712, 19728.1218313756, 3906.38644997690, 3985.16814424809
296, 2044-07-16, 31, 65.7604061046, 15808.7140932318, 3919.40773814380, 3985.16814424840
297, 2044-08-16, 31, 52.6957136441, 11876.2416626278, 3932.47243060400, 3985.16814424810
298, 2044-09-16, 30, 39.5874722088, 7930.6609905884, 3945.58067203940, 3985.16814424819
299, 2044-10-16, 31, 26.4355366353, 3971.9283829755, 3958.7326076129, 3985.1681442482
300, 2044-11-16, 30, 13.2397612766, 4.2E-9, 3971.9283829755, 3985.1681442521
